,Gen,Name,Wins,Loses,Draws
0,0,none,0,0,0
0,1,dArwIn_G1_0a,1,2,0
1,1,dArwIn_G1_0b,0,3,0
2,1,dArwIn_G1_1a,2,1,0
3,1,dArwIn_G1_1b,2,1,0
4,1,dArwIn_G1_2a,1,2,0
5,1,dArwIn_G1_2b,0,3,0
6,1,dArwIn_G1_3a,1,2,0
7,1,dArwIn_G1_3b,2,1,0
0,2,dArwIn_G2_0a,2,1,0
1,2,dArwIn_G2_0b,1,2,0
2,2,dArwIn_G2_1a,1,2,0
3,2,dArwIn_G2_1b,1,2,0
4,2,dArwIn_G2_2a,2,1,0
5,2,dArwIn_G2_2b,2,1,0
6,2,dArwIn_G2_3a,1,2,0
7,2,dArwIn_G2_3b,2,1,0
0,3,dArwIn_G3_0a,1,2,0
1,3,dArwIn_G3_0b,1,2,0
2,3,dArwIn_G3_1a,1,2,0
3,3,dArwIn_G3_1b,1,2,0
4,3,dArwIn_G3_2a,1,2,0
5,3,dArwIn_G3_2b,2,1,0
6,3,dArwIn_G3_3a,2,1,0
7,3,dArwIn_G3_3b,2,1,0
0,4,dArwIn_G4_0a,1,2,0
1,4,dArwIn_G4_0b,2,1,0
2,4,dArwIn_G4_1a,3,0,0
3,4,dArwIn_G4_1b,1,2,0
4,4,dArwIn_G4_2a,2,1,0
5,4,dArwIn_G4_2b,1,2,0
6,4,dArwIn_G4_3a,1,2,0
7,4,dArwIn_G4_3b,1,2,0
0,5,dArwIn_G5_0a,2,1,0
1,5,dArwIn_G5_0b,2,1,0
2,5,dArwIn_G5_1a,2,1,0
3,5,dArwIn_G5_1b,2,1,0
4,5,dArwIn_G5_2a,1,2,0
5,5,dArwIn_G5_2b,1,2,0
6,5,dArwIn_G5_3a,2,1,0
7,5,dArwIn_G5_3b,2,1,0
0,6,dArwIn_G6_0a,1,2,0
1,6,dArwIn_G6_0b,2,1,0
2,6,dArwIn_G6_1a,0,3,0
3,6,dArwIn_G6_1b,2,1,0
4,6,dArwIn_G6_2a,2,1,0
5,6,dArwIn_G6_2b,1,2,0
6,6,dArwIn_G6_3a,2,1,0
7,6,dArwIn_G6_3b,2,1,0
0,7,dArwIn_G7_0a,1,2,0
1,7,dArwIn_G7_0b,2,1,0
2,7,dArwIn_G7_1a,2,1,0
3,7,dArwIn_G7_1b,2,1,0
4,7,dArwIn_G7_2a,1,2,0
5,7,dArwIn_G7_2b,0,3,0
6,7,dArwIn_G7_3a,1,2,0
7,7,dArwIn_G7_3b,2,1,0
0,8,dArwIn_G8_0a,1,2,0
1,8,dArwIn_G8_0b,2,1,0
2,8,dArwIn_G8_1a,1,2,0
3,8,dArwIn_G8_1b,2,1,0
4,8,dArwIn_G8_2a,2,1,0
5,8,dArwIn_G8_2b,2,1,0
6,8,dArwIn_G8_3a,1,2,0
7,8,dArwIn_G8_3b,1,2,0
0,9,dArwIn_G9_0a,1,2,0
1,9,dArwIn_G9_0b,2,1,0
2,9,dArwIn_G9_1a,2,1,0
3,9,dArwIn_G9_1b,1,2,0
4,9,dArwIn_G9_2a,1,2,0
5,9,dArwIn_G9_2b,3,0,0
6,9,dArwIn_G9_3a,1,2,0
7,9,dArwIn_G9_3b,2,1,0
0,10,dArwIn_G10_0a,2,1,0
1,10,dArwIn_G10_0b,2,1,0
2,10,dArwIn_G10_1a,1,2,0
3,10,dArwIn_G10_1b,2,1,0
4,10,dArwIn_G10_2a,2,1,0
5,10,dArwIn_G10_2b,1,2,0
6,10,dArwIn_G10_3a,1,2,0
7,10,dArwIn_G10_3b,1,2,0
0,11,dArwIn_G11_0a,1,2,0
1,11,dArwIn_G11_0b,2,1,0
2,11,dArwIn_G11_1a,1,2,0
3,11,dArwIn_G11_1b,2,1,0
4,11,dArwIn_G11_2a,2,1,0
5,11,dArwIn_G11_2b,2,1,0
6,11,dArwIn_G11_3a,2,1,0
7,11,dArwIn_G11_3b,2,1,0
0,12,dArwIn_G12_0a,3,0,0
1,12,dArwIn_G12_0b,2,1,0
2,12,dArwIn_G12_1a,2,1,0
3,12,dArwIn_G12_1b,1,2,0
4,12,dArwIn_G12_2a,3,0,0
5,12,dArwIn_G12_2b,2,1,0
6,12,dArwIn_G12_3a,1,2,0
7,12,dArwIn_G12_3b,2,1,0
0,13,dArwIn_G13_0a,2,1,0
1,13,dArwIn_G13_0b,1,2,0
2,13,dArwIn_G13_1a,2,1,0
3,13,dArwIn_G13_1b,2,1,0
4,13,dArwIn_G13_2a,2,1,0
5,13,dArwIn_G13_2b,1,2,0
6,13,dArwIn_G13_3a,2,1,0
7,13,dArwIn_G13_3b,2,1,0
0,14,dArwIn_G14_0a,2,1,0
1,14,dArwIn_G14_0b,1,2,0
2,14,dArwIn_G14_1a,1,2,0
3,14,dArwIn_G14_1b,2,1,0
4,14,dArwIn_G14_2a,2,1,0
5,14,dArwIn_G14_2b,2,1,0
6,14,dArwIn_G14_3a,2,1,0
7,14,dArwIn_G14_3b,2,1,0
0,15,dArwIn_G15_0a,2,1,0
1,15,dArwIn_G15_0b,2,1,0
2,15,dArwIn_G15_1a,2,1,0
3,15,dArwIn_G15_1b,1,2,0
4,15,dArwIn_G15_2a,2,1,0
5,15,dArwIn_G15_2b,2,1,0
6,15,dArwIn_G15_3a,1,2,0
7,15,dArwIn_G15_3b,2,1,0
0,16,dArwIn_G16_0a,1,2,0
1,16,dArwIn_G16_0b,2,1,0
2,16,dArwIn_G16_1a,2,1,0
3,16,dArwIn_G16_1b,1,2,0
4,16,dArwIn_G16_2a,1,2,0
5,16,dArwIn_G16_2b,3,0,0
6,16,dArwIn_G16_3a,2,1,0
7,16,dArwIn_G16_3b,1,2,0
0,17,dArwIn_G17_0a,1,2,0
1,17,dArwIn_G17_0b,2,1,0
2,17,dArwIn_G17_1a,1,2,0
3,17,dArwIn_G17_1b,2,1,0
4,17,dArwIn_G17_2a,1,2,0
5,17,dArwIn_G17_2b,1,2,0
6,17,dArwIn_G17_3a,2,1,0
7,17,dArwIn_G17_3b,2,1,0
0,18,dArwIn_G18_0a,1,2,0
1,18,dArwIn_G18_0b,1,2,0
2,18,dArwIn_G18_1a,2,1,0
3,18,dArwIn_G18_1b,2,1,0
4,18,dArwIn_G18_2a,2,1,0
5,18,dArwIn_G18_2b,1,2,0
6,18,dArwIn_G18_3a,2,1,0
7,18,dArwIn_G18_3b,1,2,0
0,19,dArwIn_G19_0a,2,1,0
1,19,dArwIn_G19_0b,2,1,0
2,19,dArwIn_G19_1a,1,2,0
3,19,dArwIn_G19_1b,2,1,0
4,19,dArwIn_G19_2a,2,1,0
5,19,dArwIn_G19_2b,2,1,0
6,19,dArwIn_G19_3a,2,1,0
7,19,dArwIn_G19_3b,1,2,0
0,20,dArwIn_G20_0a,2,1,0
1,20,dArwIn_G20_0b,2,1,0
2,20,dArwIn_G20_1a,1,2,0
3,20,dArwIn_G20_1b,1,2,0
4,20,dArwIn_G20_2a,2,1,0
5,20,dArwIn_G20_2b,2,1,0
6,20,dArwIn_G20_3a,1,2,0
7,20,dArwIn_G20_3b,2,1,0
0,21,dArwIn_G21_0a,2,1,0
1,21,dArwIn_G21_0b,2,1,0
2,21,dArwIn_G21_1a,2,1,0
3,21,dArwIn_G21_1b,2,1,0
4,21,dArwIn_G21_2a,2,1,0
5,21,dArwIn_G21_2b,2,1,0
6,21,dArwIn_G21_3a,2,1,0
7,21,dArwIn_G21_3b,1,2,0
0,22,dArwIn_G22_0a,1,2,0
1,22,dArwIn_G22_0b,1,2,0
2,22,dArwIn_G22_1a,1,2,0
3,22,dArwIn_G22_1b,2,1,0
4,22,dArwIn_G22_2a,2,1,0
5,22,dArwIn_G22_2b,2,1,0
6,22,dArwIn_G22_3a,2,1,0
7,22,dArwIn_G22_3b,2,1,0
0,23,dArwIn_G23_0a,1,2,0
1,23,dArwIn_G23_0b,1,2,0
2,23,dArwIn_G23_1a,1,2,0
3,23,dArwIn_G23_1b,2,1,0
4,23,dArwIn_G23_2a,2,1,0
5,23,dArwIn_G23_2b,1,2,0
6,23,dArwIn_G23_3a,2,1,0
7,23,dArwIn_G23_3b,1,2,0
0,24,dArwIn_G24_0a,2,1,0
1,24,dArwIn_G24_0b,1,2,0
2,24,dArwIn_G24_1a,2,1,0
3,24,dArwIn_G24_1b,2,1,0
4,24,dArwIn_G24_2a,2,1,0
5,24,dArwIn_G24_2b,2,1,0
6,24,dArwIn_G24_3a,1,2,0
7,24,dArwIn_G24_3b,0,3,0
0,25,dArwIn_G25_0a,1,2,0
1,25,dArwIn_G25_0b,2,1,0
2,25,dArwIn_G25_1a,2,1,0
3,25,dArwIn_G25_1b,2,1,0
4,25,dArwIn_G25_2a,0,3,0
5,25,dArwIn_G25_2b,2,1,0
6,25,dArwIn_G25_3a,1,2,0
7,25,dArwIn_G25_3b,2,1,0
0,26,dArwIn_G26_0a,1,2,0
1,26,dArwIn_G26_0b,2,1,0
2,26,dArwIn_G26_1a,2,1,0
3,26,dArwIn_G26_1b,1,2,0
4,26,dArwIn_G26_2a,2,1,0
5,26,dArwIn_G26_2b,2,1,0
6,26,dArwIn_G26_3a,1,2,0
7,26,dArwIn_G26_3b,2,1,0
0,27,dArwIn_G27_0a,2,1,0
1,27,dArwIn_G27_0b,2,1,0
2,27,dArwIn_G27_1a,2,1,0
3,27,dArwIn_G27_1b,3,0,0
4,27,dArwIn_G27_2a,2,1,0
5,27,dArwIn_G27_2b,2,1,0
6,27,dArwIn_G27_3a,2,1,0
7,27,dArwIn_G27_3b,1,2,0
0,28,dArwIn_G28_0a,2,1,0
1,28,dArwIn_G28_0b,2,1,0
2,28,dArwIn_G28_1a,2,1,0
3,28,dArwIn_G28_1b,2,1,0
4,28,dArwIn_G28_2a,1,2,0
5,28,dArwIn_G28_2b,1,2,0
6,28,dArwIn_G28_3a,1,2,0
7,28,dArwIn_G28_3b,2,1,0
0,29,dArwIn_G29_0a,2,1,0
1,29,dArwIn_G29_0b,1,2,0
2,29,dArwIn_G29_1a,1,2,0
3,29,dArwIn_G29_1b,3,0,0
4,29,dArwIn_G29_2a,2,1,0
5,29,dArwIn_G29_2b,2,1,0
6,29,dArwIn_G29_3a,2,1,0
7,29,dArwIn_G29_3b,1,2,0
0,30,dArwIn_G30_0a,1,2,0
1,30,dArwIn_G30_0b,1,2,0
2,30,dArwIn_G30_1a,1,2,0
3,30,dArwIn_G30_1b,2,1,0
4,30,dArwIn_G30_2a,2,1,0
5,30,dArwIn_G30_2b,2,1,0
6,30,dArwIn_G30_3a,2,1,0
7,30,dArwIn_G30_3b,2,1,0
0,31,dArwIn_G31_0a,2,1,0
1,31,dArwIn_G31_0b,2,1,0
2,31,dArwIn_G31_1a,1,2,0
3,31,dArwIn_G31_1b,2,1,0
4,31,dArwIn_G31_2a,2,1,0
5,31,dArwIn_G31_2b,2,1,0
6,31,dArwIn_G31_3a,1,2,0
7,31,dArwIn_G31_3b,2,1,0
0,32,dArwIn_G32_0a,2,1,0
1,32,dArwIn_G32_0b,1,2,0
2,32,dArwIn_G32_1a,1,2,0
3,32,dArwIn_G32_1b,1,2,0
4,32,dArwIn_G32_2a,1,2,0
5,32,dArwIn_G32_2b,2,1,0
6,32,dArwIn_G32_3a,2,1,0
7,32,dArwIn_G32_3b,2,1,0
0,33,dArwIn_G33_0a,3,0,0
1,33,dArwIn_G33_0b,2,1,0
2,33,dArwIn_G33_1a,2,1,0
3,33,dArwIn_G33_1b,2,1,0
4,33,dArwIn_G33_2a,2,1,0
5,33,dArwIn_G33_2b,2,1,0
6,33,dArwIn_G33_3a,1,2,0
7,33,dArwIn_G33_3b,2,1,0
0,34,dArwIn_G34_0a,2,1,0
1,34,dArwIn_G34_0b,3,0,0
2,34,dArwIn_G34_1a,2,1,0
3,34,dArwIn_G34_1b,2,1,0
4,34,dArwIn_G34_2a,2,1,0
5,34,dArwIn_G34_2b,3,0,0
6,34,dArwIn_G34_3a,2,1,0
7,34,dArwIn_G34_3b,2,1,0
0,35,dArwIn_G35_0a,1,2,0
1,35,dArwIn_G35_0b,2,1,0
2,35,dArwIn_G35_1a,2,1,0
3,35,dArwIn_G35_1b,2,1,0
4,35,dArwIn_G35_2a,2,1,0
5,35,dArwIn_G35_2b,3,0,0
6,35,dArwIn_G35_3a,2,1,0
7,35,dArwIn_G35_3b,2,1,0
0,36,dArwIn_G36_0a,2,1,0
1,36,dArwIn_G36_0b,2,1,0
2,36,dArwIn_G36_1a,3,0,0
3,36,dArwIn_G36_1b,1,2,0
4,36,dArwIn_G36_2a,2,1,0
5,36,dArwIn_G36_2b,2,1,0
6,36,dArwIn_G36_3a,1,2,0
7,36,dArwIn_G36_3b,1,2,0
0,37,dArwIn_G37_0a,2,1,0
1,37,dArwIn_G37_0b,2,1,0
2,37,dArwIn_G37_1a,2,1,0
3,37,dArwIn_G37_1b,2,1,0
4,37,dArwIn_G37_2a,2,1,0
5,37,dArwIn_G37_2b,2,1,0
6,37,dArwIn_G37_3a,2,1,0
7,37,dArwIn_G37_3b,2,1,0
0,38,dArwIn_G38_0a,1,2,0
1,38,dArwIn_G38_0b,2,1,0
2,38,dArwIn_G38_1a,2,1,0
3,38,dArwIn_G38_1b,2,1,0
4,38,dArwIn_G38_2a,2,1,0
5,38,dArwIn_G38_2b,2,1,0
6,38,dArwIn_G38_3a,2,1,0
7,38,dArwIn_G38_3b,2,1,0
0,39,dArwIn_G39_0a,2,1,0
1,39,dArwIn_G39_0b,1,2,0
2,39,dArwIn_G39_1a,2,1,0
3,39,dArwIn_G39_1b,1,2,0
4,39,dArwIn_G39_2a,2,1,0
5,39,dArwIn_G39_2b,1,2,0
6,39,dArwIn_G39_3a,1,2,0
7,39,dArwIn_G39_3b,2,1,0
0,40,dArwIn_G40_0a,1,2,0
1,40,dArwIn_G40_0b,2,1,0
2,40,dArwIn_G40_1a,2,1,0
3,40,dArwIn_G40_1b,2,1,0
4,40,dArwIn_G40_2a,2,1,0
5,40,dArwIn_G40_2b,2,1,0
6,40,dArwIn_G40_3a,2,1,0
7,40,dArwIn_G40_3b,1,2,0
0,41,dArwIn_G41_0a,1,2,0
1,41,dArwIn_G41_0b,1,2,0
2,41,dArwIn_G41_1a,2,1,0
3,41,dArwIn_G41_1b,1,2,0
4,41,dArwIn_G41_2a,3,0,0
5,41,dArwIn_G41_2b,2,1,0
6,41,dArwIn_G41_3a,1,2,0
7,41,dArwIn_G41_3b,2,1,0
0,42,dArwIn_G42_0a,2,1,0
1,42,dArwIn_G42_0b,2,1,0
2,42,dArwIn_G42_1a,2,1,0
3,42,dArwIn_G42_1b,2,1,0
4,42,dArwIn_G42_2a,2,1,0
5,42,dArwIn_G42_2b,2,1,0
6,42,dArwIn_G42_3a,2,1,0
7,42,dArwIn_G42_3b,2,1,0
0,43,dArwIn_G43_0a,2,1,0
1,43,dArwIn_G43_0b,1,2,0
2,43,dArwIn_G43_1a,3,0,0
3,43,dArwIn_G43_1b,1,2,0
4,43,dArwIn_G43_2a,2,1,0
5,43,dArwIn_G43_2b,3,0,0
6,43,dArwIn_G43_3a,2,1,0
7,43,dArwIn_G43_3b,3,0,0
0,44,dArwIn_G44_0a,2,1,0
1,44,dArwIn_G44_0b,2,1,0
2,44,dArwIn_G44_1a,2,1,0
3,44,dArwIn_G44_1b,1,2,0
4,44,dArwIn_G44_2a,1,2,0
5,44,dArwIn_G44_2b,2,1,0
6,44,dArwIn_G44_3a,2,1,0
7,44,dArwIn_G44_3b,2,1,0
0,45,dArwIn_G45_0a,2,1,0
1,45,dArwIn_G45_0b,1,2,0
2,45,dArwIn_G45_1a,1,2,0
3,45,dArwIn_G45_1b,2,1,0
4,45,dArwIn_G45_2a,2,1,0
5,45,dArwIn_G45_2b,2,1,0
6,45,dArwIn_G45_3a,3,0,0
7,45,dArwIn_G45_3b,2,1,0
0,46,dArwIn_G46_0a,2,1,0
1,46,dArwIn_G46_0b,2,1,0
2,46,dArwIn_G46_1a,2,1,0
3,46,dArwIn_G46_1b,2,1,0
4,46,dArwIn_G46_2a,1,2,0
5,46,dArwIn_G46_2b,2,1,0
6,46,dArwIn_G46_3a,1,2,0
7,46,dArwIn_G46_3b,1,2,0
0,47,dArwIn_G47_0a,2,1,0
1,47,dArwIn_G47_0b,2,1,0
2,47,dArwIn_G47_1a,3,0,0
3,47,dArwIn_G47_1b,2,1,0
4,47,dArwIn_G47_2a,3,0,0
5,47,dArwIn_G47_2b,2,1,0
6,47,dArwIn_G47_3a,2,1,0
7,47,dArwIn_G47_3b,2,1,0
0,48,dArwIn_G48_0a,1,2,0
1,48,dArwIn_G48_0b,2,1,0
2,48,dArwIn_G48_1a,1,2,0
3,48,dArwIn_G48_1b,2,1,0
4,48,dArwIn_G48_2a,1,2,0
5,48,dArwIn_G48_2b,3,0,0
6,48,dArwIn_G48_3a,2,1,0
7,48,dArwIn_G48_3b,2,1,0
0,49,dArwIn_G49_0a,2,1,0
1,49,dArwIn_G49_0b,2,1,0
2,49,dArwIn_G49_1a,2,1,0
3,49,dArwIn_G49_1b,2,1,0
4,49,dArwIn_G49_2a,2,1,0
5,49,dArwIn_G49_2b,2,1,0
6,49,dArwIn_G49_3a,2,1,0
7,49,dArwIn_G49_3b,0,3,0
0,50,dArwIn_G50_0a,2,1,0
1,50,dArwIn_G50_0b,2,1,0
2,50,dArwIn_G50_1a,2,1,0
3,50,dArwIn_G50_1b,2,1,0
4,50,dArwIn_G50_2a,2,1,0
5,50,dArwIn_G50_2b,1,2,0
6,50,dArwIn_G50_3a,2,1,0
7,50,dArwIn_G50_3b,2,1,0
0,51,dArwIn_G51_0a,2,1,0
1,51,dArwIn_G51_0b,2,1,0
2,51,dArwIn_G51_1a,3,0,0
3,51,dArwIn_G51_1b,2,1,0
4,51,dArwIn_G51_2a,2,1,0
5,51,dArwIn_G51_2b,3,0,0
6,51,dArwIn_G51_3a,1,2,0
7,51,dArwIn_G51_3b,2,1,0
0,52,dArwIn_G52_0a,2,1,0
1,52,dArwIn_G52_0b,2,1,0
2,52,dArwIn_G52_1a,2,1,0
3,52,dArwIn_G52_1b,2,1,0
4,52,dArwIn_G52_2a,2,1,0
5,52,dArwIn_G52_2b,2,1,0
6,52,dArwIn_G52_3a,2,1,0
7,52,dArwIn_G52_3b,3,0,0
0,53,dArwIn_G53_0a,1,2,0
1,53,dArwIn_G53_0b,2,1,0
2,53,dArwIn_G53_1a,2,1,0
3,53,dArwIn_G53_1b,2,1,0
4,53,dArwIn_G53_2a,1,2,0
5,53,dArwIn_G53_2b,2,1,0
6,53,dArwIn_G53_3a,2,1,0
7,53,dArwIn_G53_3b,2,1,0
0,54,dArwIn_G54_0a,2,1,0
1,54,dArwIn_G54_0b,2,1,0
2,54,dArwIn_G54_1a,2,1,0
3,54,dArwIn_G54_1b,3,0,0
4,54,dArwIn_G54_2a,2,1,0
5,54,dArwIn_G54_2b,3,0,0
6,54,dArwIn_G54_3a,2,1,0
7,54,dArwIn_G54_3b,2,1,0
0,55,dArwIn_G55_0a,2,1,0
1,55,dArwIn_G55_0b,3,0,0
2,55,dArwIn_G55_1a,2,1,0
3,55,dArwIn_G55_1b,2,1,0
4,55,dArwIn_G55_2a,1,2,0
5,55,dArwIn_G55_2b,2,1,0
6,55,dArwIn_G55_3a,1,2,0
7,55,dArwIn_G55_3b,2,1,0
0,56,dArwIn_G56_0a,2,1,0
1,56,dArwIn_G56_0b,1,2,0
2,56,dArwIn_G56_1a,1,2,0
3,56,dArwIn_G56_1b,2,1,0
4,56,dArwIn_G56_2a,2,1,0
5,56,dArwIn_G56_2b,2,1,0
6,56,dArwIn_G56_3a,2,1,0
7,56,dArwIn_G56_3b,1,2,0
0,57,dArwIn_G57_0a,1,2,0
1,57,dArwIn_G57_0b,2,1,0
2,57,dArwIn_G57_1a,2,1,0
3,57,dArwIn_G57_1b,2,1,0
4,57,dArwIn_G57_2a,2,1,0
5,57,dArwIn_G57_2b,2,1,0
6,57,dArwIn_G57_3a,3,0,0
7,57,dArwIn_G57_3b,2,1,0
0,58,dArwIn_G58_0a,2,1,0
1,58,dArwIn_G58_0b,2,1,0
2,58,dArwIn_G58_1a,1,2,0
3,58,dArwIn_G58_1b,2,1,0
4,58,dArwIn_G58_2a,2,1,0
5,58,dArwIn_G58_2b,2,1,0
6,58,dArwIn_G58_3a,2,1,0
7,58,dArwIn_G58_3b,2,1,0
0,59,dArwIn_G59_0a,2,1,0
1,59,dArwIn_G59_0b,3,0,0
2,59,dArwIn_G59_1a,2,1,0
3,59,dArwIn_G59_1b,2,1,0
4,59,dArwIn_G59_2a,2,1,0
5,59,dArwIn_G59_2b,2,1,0
6,59,dArwIn_G59_3a,2,1,0
7,59,dArwIn_G59_3b,2,1,0
0,60,dArwIn_G60_0a,2,1,0
1,60,dArwIn_G60_0b,2,1,0
2,60,dArwIn_G60_1a,2,1,0
3,60,dArwIn_G60_1b,1,2,0
4,60,dArwIn_G60_2a,2,1,0
5,60,dArwIn_G60_2b,1,2,0
6,60,dArwIn_G60_3a,2,1,0
7,60,dArwIn_G60_3b,2,1,0
0,61,dArwIn_G61_0a,2,1,0
1,61,dArwIn_G61_0b,2,1,0
2,61,dArwIn_G61_1a,2,1,0
3,61,dArwIn_G61_1b,2,1,0
4,61,dArwIn_G61_2a,2,1,0
5,61,dArwIn_G61_2b,2,1,0
6,61,dArwIn_G61_3a,1,2,0
7,61,dArwIn_G61_3b,2,1,0
0,62,dArwIn_G62_0a,2,1,0
1,62,dArwIn_G62_0b,2,1,0
2,62,dArwIn_G62_1a,2,1,0
3,62,dArwIn_G62_1b,3,0,0
4,62,dArwIn_G62_2a,3,0,0
5,62,dArwIn_G62_2b,2,1,0
6,62,dArwIn_G62_3a,2,1,0
7,62,dArwIn_G62_3b,3,0,0
0,63,dArwIn_G63_0a,2,1,0
1,63,dArwIn_G63_0b,1,2,0
2,63,dArwIn_G63_1a,2,1,0
3,63,dArwIn_G63_1b,2,1,0
4,63,dArwIn_G63_2a,1,2,0
5,63,dArwIn_G63_2b,2,1,0
6,63,dArwIn_G63_3a,1,2,0
7,63,dArwIn_G63_3b,2,1,0
0,64,dArwIn_G64_0a,2,1,0
1,64,dArwIn_G64_0b,2,1,0
2,64,dArwIn_G64_1a,2,1,0
3,64,dArwIn_G64_1b,1,2,0
4,64,dArwIn_G64_2a,1,2,0
5,64,dArwIn_G64_2b,2,1,0
6,64,dArwIn_G64_3a,2,1,0
7,64,dArwIn_G64_3b,1,2,0
0,65,dArwIn_G65_0a,2,1,0
1,65,dArwIn_G65_0b,2,1,0
2,65,dArwIn_G65_1a,2,1,0
3,65,dArwIn_G65_1b,2,1,0
4,65,dArwIn_G65_2a,2,1,0
5,65,dArwIn_G65_2b,2,1,0
6,65,dArwIn_G65_3a,1,2,0
7,65,dArwIn_G65_3b,2,1,0
0,66,dArwIn_G66_0a,2,1,0
1,66,dArwIn_G66_0b,2,1,0
2,66,dArwIn_G66_1a,3,0,0
3,66,dArwIn_G66_1b,2,1,0
4,66,dArwIn_G66_2a,2,1,0
5,66,dArwIn_G66_2b,2,1,0
6,66,dArwIn_G66_3a,2,1,0
7,66,dArwIn_G66_3b,2,1,0
0,67,dArwIn_G67_0a,2,1,0
1,67,dArwIn_G67_0b,2,1,0
2,67,dArwIn_G67_1a,1,2,0
3,67,dArwIn_G67_1b,3,0,0
4,67,dArwIn_G67_2a,2,1,0
5,67,dArwIn_G67_2b,2,1,0
6,67,dArwIn_G67_3a,2,1,0
7,67,dArwIn_G67_3b,1,2,0
0,68,dArwIn_G68_0a,2,1,0
1,68,dArwIn_G68_0b,2,1,0
2,68,dArwIn_G68_1a,2,1,0
3,68,dArwIn_G68_1b,2,1,0
4,68,dArwIn_G68_2a,2,1,0
5,68,dArwIn_G68_2b,2,1,0
6,68,dArwIn_G68_3a,3,0,0
7,68,dArwIn_G68_3b,2,1,0
0,69,dArwIn_G69_0a,2,1,0
1,69,dArwIn_G69_0b,2,1,0
2,69,dArwIn_G69_1a,2,1,0
3,69,dArwIn_G69_1b,2,1,0
4,69,dArwIn_G69_2a,1,2,0
5,69,dArwIn_G69_2b,3,0,0
6,69,dArwIn_G69_3a,2,1,0
7,69,dArwIn_G69_3b,1,2,0
0,70,dArwIn_G70_0a,2,1,0
1,70,dArwIn_G70_0b,2,1,0
2,70,dArwIn_G70_1a,2,1,0
3,70,dArwIn_G70_1b,2,1,0
4,70,dArwIn_G70_2a,2,1,0
5,70,dArwIn_G70_2b,2,1,0
6,70,dArwIn_G70_3a,1,2,0
7,70,dArwIn_G70_3b,2,1,0
0,71,dArwIn_G71_0a,3,0,0
1,71,dArwIn_G71_0b,2,1,0
2,71,dArwIn_G71_1a,2,1,0
3,71,dArwIn_G71_1b,1,2,0
4,71,dArwIn_G71_2a,1,2,0
5,71,dArwIn_G71_2b,2,1,0
6,71,dArwIn_G71_3a,2,1,0
7,71,dArwIn_G71_3b,3,0,0
0,72,dArwIn_G72_0a,2,1,0
1,72,dArwIn_G72_0b,2,1,0
2,72,dArwIn_G72_1a,1,2,0
3,72,dArwIn_G72_1b,1,2,0
4,72,dArwIn_G72_2a,2,1,0
5,72,dArwIn_G72_2b,3,0,0
6,72,dArwIn_G72_3a,2,1,0
7,72,dArwIn_G72_3b,2,1,0
0,73,dArwIn_G73_0a,2,1,0
1,73,dArwIn_G73_0b,2,1,0
2,73,dArwIn_G73_1a,2,1,0
3,73,dArwIn_G73_1b,3,0,0
4,73,dArwIn_G73_2a,2,1,0
5,73,dArwIn_G73_2b,2,1,0
6,73,dArwIn_G73_3a,2,1,0
7,73,dArwIn_G73_3b,3,0,0
0,74,dArwIn_G74_0a,2,1,0
1,74,dArwIn_G74_0b,2,1,0
2,74,dArwIn_G74_1a,1,2,0
3,74,dArwIn_G74_1b,2,1,0
4,74,dArwIn_G74_2a,1,2,0
5,74,dArwIn_G74_2b,2,1,0
6,74,dArwIn_G74_3a,1,2,0
7,74,dArwIn_G74_3b,2,1,0
0,75,dArwIn_G75_0a,2,1,0
1,75,dArwIn_G75_0b,1,2,0
2,75,dArwIn_G75_1a,1,2,0
3,75,dArwIn_G75_1b,1,2,0
4,75,dArwIn_G75_2a,2,1,0
5,75,dArwIn_G75_2b,2,1,0
6,75,dArwIn_G75_3a,3,0,0
7,75,dArwIn_G75_3b,3,0,0
0,76,dArwIn_G76_0a,2,1,0
1,76,dArwIn_G76_0b,2,1,0
2,76,dArwIn_G76_1a,2,1,0
3,76,dArwIn_G76_1b,2,1,0
4,76,dArwIn_G76_2a,2,1,0
5,76,dArwIn_G76_2b,2,1,0
6,76,dArwIn_G76_3a,2,1,0
7,76,dArwIn_G76_3b,2,1,0
0,77,dArwIn_G77_0a,2,1,0
1,77,dArwIn_G77_0b,1,2,0
2,77,dArwIn_G77_1a,2,1,0
3,77,dArwIn_G77_1b,1,2,0
4,77,dArwIn_G77_2a,2,1,0
5,77,dArwIn_G77_2b,2,1,0
6,77,dArwIn_G77_3a,2,1,0
7,77,dArwIn_G77_3b,1,2,0
0,78,dArwIn_G78_0a,1,2,0
1,78,dArwIn_G78_0b,2,1,0
2,78,dArwIn_G78_1a,2,1,0
3,78,dArwIn_G78_1b,2,1,0
4,78,dArwIn_G78_2a,2,1,0
5,78,dArwIn_G78_2b,2,1,0
6,78,dArwIn_G78_3a,1,2,0
7,78,dArwIn_G78_3b,2,1,0
0,79,dArwIn_G79_0a,2,1,0
1,79,dArwIn_G79_0b,2,1,0
2,79,dArwIn_G79_1a,1,2,0
3,79,dArwIn_G79_1b,3,0,0
4,79,dArwIn_G79_2a,2,1,0
5,79,dArwIn_G79_2b,3,0,0
6,79,dArwIn_G79_3a,2,1,0
7,79,dArwIn_G79_3b,1,2,0
0,80,dArwIn_G80_0a,2,1,0
1,80,dArwIn_G80_0b,1,2,0
2,80,dArwIn_G80_1a,2,1,0
3,80,dArwIn_G80_1b,2,1,0
4,80,dArwIn_G80_2a,2,1,0
5,80,dArwIn_G80_2b,2,1,0
6,80,dArwIn_G80_3a,2,1,0
7,80,dArwIn_G80_3b,2,1,0
0,81,dArwIn_G81_0a,2,1,0
1,81,dArwIn_G81_0b,2,1,0
2,81,dArwIn_G81_1a,1,2,0
3,81,dArwIn_G81_1b,2,1,0
4,81,dArwIn_G81_2a,2,1,0
5,81,dArwIn_G81_2b,2,1,0
6,81,dArwIn_G81_3a,2,1,0
7,81,dArwIn_G81_3b,1,2,0
0,82,dArwIn_G82_0a,2,1,0
1,82,dArwIn_G82_0b,2,1,0
2,82,dArwIn_G82_1a,2,1,0
3,82,dArwIn_G82_1b,2,1,0
4,82,dArwIn_G82_2a,2,1,0
5,82,dArwIn_G82_2b,2,1,0
6,82,dArwIn_G82_3a,2,1,0
7,82,dArwIn_G82_3b,2,1,0
0,83,dArwIn_G83_0a,2,1,0
1,83,dArwIn_G83_0b,2,1,0
2,83,dArwIn_G83_1a,1,2,0
3,83,dArwIn_G83_1b,2,1,0
4,83,dArwIn_G83_2a,2,1,0
5,83,dArwIn_G83_2b,2,1,0
6,83,dArwIn_G83_3a,2,1,0
7,83,dArwIn_G83_3b,2,1,0
0,84,dArwIn_G84_0a,2,1,0
1,84,dArwIn_G84_0b,3,0,0
2,84,dArwIn_G84_1a,3,0,0
3,84,dArwIn_G84_1b,2,1,0
4,84,dArwIn_G84_2a,2,1,0
5,84,dArwIn_G84_2b,2,1,0
6,84,dArwIn_G84_3a,2,1,0
7,84,dArwIn_G84_3b,2,1,0
0,85,dArwIn_G85_0a,1,2,0
1,85,dArwIn_G85_0b,2,1,0
2,85,dArwIn_G85_1a,2,1,0
3,85,dArwIn_G85_1b,1,2,0
4,85,dArwIn_G85_2a,1,2,0
5,85,dArwIn_G85_2b,2,1,0
6,85,dArwIn_G85_3a,2,1,0
7,85,dArwIn_G85_3b,2,1,0
0,86,dArwIn_G86_0a,2,1,0
1,86,dArwIn_G86_0b,2,1,0
2,86,dArwIn_G86_1a,2,1,0
3,86,dArwIn_G86_1b,2,1,0
4,86,dArwIn_G86_2a,1,2,0
5,86,dArwIn_G86_2b,1,2,0
6,86,dArwIn_G86_3a,2,1,0
7,86,dArwIn_G86_3b,2,1,0
0,87,dArwIn_G87_0a,2,1,0
1,87,dArwIn_G87_0b,2,1,0
2,87,dArwIn_G87_1a,2,1,0
3,87,dArwIn_G87_1b,2,1,0
4,87,dArwIn_G87_2a,2,1,0
5,87,dArwIn_G87_2b,3,0,0
6,87,dArwIn_G87_3a,3,0,0
7,87,dArwIn_G87_3b,2,1,0
0,88,dArwIn_G88_0a,2,1,0
1,88,dArwIn_G88_0b,3,0,0
2,88,dArwIn_G88_1a,3,0,0
3,88,dArwIn_G88_1b,3,0,0
4,88,dArwIn_G88_2a,2,1,0
5,88,dArwIn_G88_2b,1,2,0
6,88,dArwIn_G88_3a,2,1,0
7,88,dArwIn_G88_3b,2,1,0
0,89,dArwIn_G89_0a,2,1,0
1,89,dArwIn_G89_0b,1,2,0
2,89,dArwIn_G89_1a,2,1,0
3,89,dArwIn_G89_1b,2,1,0
4,89,dArwIn_G89_2a,2,1,0
5,89,dArwIn_G89_2b,2,1,0
6,89,dArwIn_G89_3a,0,3,0
7,89,dArwIn_G89_3b,2,1,0
0,90,dArwIn_G90_0a,2,1,0
1,90,dArwIn_G90_0b,2,1,0
2,90,dArwIn_G90_1a,2,1,0
3,90,dArwIn_G90_1b,2,1,0
4,90,dArwIn_G90_2a,1,2,0
5,90,dArwIn_G90_2b,1,2,0
6,90,dArwIn_G90_3a,2,1,0
7,90,dArwIn_G90_3b,2,1,0
0,91,dArwIn_G91_0a,3,0,0
1,91,dArwIn_G91_0b,1,2,0
2,91,dArwIn_G91_1a,2,1,0
3,91,dArwIn_G91_1b,2,1,0
4,91,dArwIn_G91_2a,2,1,0
5,91,dArwIn_G91_2b,2,1,0
6,91,dArwIn_G91_3a,2,1,0
7,91,dArwIn_G91_3b,2,1,0
0,92,dArwIn_G92_0a,2,1,0
1,92,dArwIn_G92_0b,2,1,0
2,92,dArwIn_G92_1a,1,2,0
3,92,dArwIn_G92_1b,1,2,0
4,92,dArwIn_G92_2a,2,1,0
5,92,dArwIn_G92_2b,2,1,0
6,92,dArwIn_G92_3a,1,2,0
7,92,dArwIn_G92_3b,2,1,0
0,93,dArwIn_G93_0a,1,2,0
1,93,dArwIn_G93_0b,1,2,0
2,93,dArwIn_G93_1a,2,1,0
3,93,dArwIn_G93_1b,2,1,0
4,93,dArwIn_G93_2a,2,1,0
5,93,dArwIn_G93_2b,1,2,0
6,93,dArwIn_G93_3a,1,2,0
7,93,dArwIn_G93_3b,1,2,0
0,94,dArwIn_G94_0a,1,2,0
1,94,dArwIn_G94_0b,1,2,0
2,94,dArwIn_G94_1a,1,2,0
3,94,dArwIn_G94_1b,2,1,0
4,94,dArwIn_G94_2a,3,0,0
5,94,dArwIn_G94_2b,2,1,0
6,94,dArwIn_G94_3a,2,1,0
7,94,dArwIn_G94_3b,2,1,0
0,95,dArwIn_G95_0a,2,1,0
1,95,dArwIn_G95_0b,2,1,0
2,95,dArwIn_G95_1a,1,2,0
3,95,dArwIn_G95_1b,2,1,0
4,95,dArwIn_G95_2a,2,1,0
5,95,dArwIn_G95_2b,1,2,0
6,95,dArwIn_G95_3a,2,1,0
7,95,dArwIn_G95_3b,2,1,0
0,96,dArwIn_G96_0a,3,0,0
1,96,dArwIn_G96_0b,1,2,0
2,96,dArwIn_G96_1a,2,1,0
3,96,dArwIn_G96_1b,2,1,0
4,96,dArwIn_G96_2a,2,1,0
5,96,dArwIn_G96_2b,2,1,0
6,96,dArwIn_G96_3a,1,2,0
7,96,dArwIn_G96_3b,2,1,0
0,97,dArwIn_G97_0a,1,2,0
1,97,dArwIn_G97_0b,2,1,0
2,97,dArwIn_G97_1a,2,1,0
3,97,dArwIn_G97_1b,1,2,0
4,97,dArwIn_G97_2a,1,2,0
5,97,dArwIn_G97_2b,2,1,0
6,97,dArwIn_G97_3a,2,1,0
7,97,dArwIn_G97_3b,2,1,0
0,98,dArwIn_G98_0a,1,2,0
1,98,dArwIn_G98_0b,1,2,0
2,98,dArwIn_G98_1a,3,0,0
3,98,dArwIn_G98_1b,2,1,0
4,98,dArwIn_G98_2a,2,1,0
5,98,dArwIn_G98_2b,2,1,0
6,98,dArwIn_G98_3a,2,1,0
7,98,dArwIn_G98_3b,2,1,0
0,99,dArwIn_G99_0a,1,2,0
1,99,dArwIn_G99_0b,2,1,0
2,99,dArwIn_G99_1a,1,2,0
3,99,dArwIn_G99_1b,2,1,0
4,99,dArwIn_G99_2a,2,1,0
5,99,dArwIn_G99_2b,2,1,0
6,99,dArwIn_G99_3a,2,1,0
7,99,dArwIn_G99_3b,2,1,0
